 n,End,Hours,P1,P2,P3,P4,Fri,Sat,Sun,Mon,Tue,Wed,Thu,4723.5,,Notes,234
2019,,,,,,,,,,,,,,,,,
19/01/02,19/01/07,14,F3 Theme From Concerto No 1,Kabalevsky - Brief Story,,,,,,,,,,,,,
19/01/08,19/01/14,14,,Gurlitt - Little Flower,Schumann - Soldier's March,,,,,,,,,"Bm, Em",,,
19/01/15,19/01/21,14,Kabalevsky - Clowns,,Gurlitt - The Return,,,,,,,,,,,,
Faber Piano Adventures Level 4,,,,,,,,,,,,,,,,,
19/01/22,19/01/28,16.5,F4 Aurora Borealis,F4 Maple Leaf Rag,F4 Distant Bells,,,,,,,,,,,,
19/01/29,19/02/04,18,F4 In the Hall of Mountain King,F4 Sonatina in C,,,,,,,,,,,,,
19/02/05,19/02/18,9.5,F4 Medieval Fair,,F4 Strawberry Malt,,,,,,,,,,,,
19/02/19,19/02/21,10.5,F4 Allegro Grazioso,,,,,,,,,,,,,,
19/02/22,19/02/27,13.5,,F4 Polka,,,,,,,,,,F/D,Arpeggio,,
19/02/28,19/03/06,16.5,F4 Greensleeves,F4 Mazurka in FM,,,,,,,,,,,,,
19/03/07,19/03/13,14.5,F4 Dance in FM,F4 The Spy,,,,,,,,,,,,,
19/03/14,19/03/20,15.5,F4 Grand Central Station,F4 French Minuet,F4 Sailboat in the Wind,,,,,,,,,"G/E, B",,,
19/03/21,19/03/27,15.5,F4 Mysterious Cove,F4 Volga Boatman,F4 Bouree,,,,,,,,,G/E,,,
19/03/28,19/04/03,16,F4 Surfboards,F4 Chanson,,,,,,,,,,,,,
19/04/04,19/04/10,16,F4 Ceremony for Peace,F4 Gypsy Legend,,,,,,,,,,"B, Bb",,,
19/04/11,19/04/17,14.5,F4 Summer Solstice,F4 Farewell to Fiurary,F4 The Blue Danube,,,,,,,,,,chords,,
19/04/18,19/04/24,12,F4 New Orleans,F4 Wild Flower,,,,,,,,,,,,,
19/04/25,19/05/01,14,F4 Kansas City,F4 Gigue in A Major,,,,,,,,,,,,,
19/05/02,19/05/08,15,F4 Mahattan 1928,F4 Great Barrier Reef,,,,,,,,,,,,,
19/05/09,19/05/15,13.5,,F4 Prelude in C Major,,,,,,,,,,,,,
Faber Piano Adventures Level 5,,,,,,,,,,,,,,,,,
19/05/16,19/05/22,17,F5 Jazz Reflection,F5 Coral Reef Etude,F5 Sonatina Op 36 No 1 3rd Mv,Allegro in A,,,,,,,,,,,
19/05/23,19/05/29,14.5,F5 Come Back to Sorrento,F5 Blue Etude,F5 Tumbleweed Blues,,,,,,,,,,,,
19/05/30,19/06/05,13.5,,F5 Poetic Theme and Variation,F5 Rolling River Etude,F5 Shenadoah,,,,,,,,"B, Bb, Eb",,,
19/06/06,19/06/12,14,F5 The Chase,,F5 Appalachian Trails,,,,,,,,,,,,
19/06/13,19/06/23,0,,,,,,,,,,,,,,10 days in Beijing,
19/06/24,19/06/26,6,,F5 Around the World Etude,,F5 Autumn Ballade,,,,,,,,,,,
19/06/27,19/07/04,11,,F5 Gypsy Prayer,,,,,,,,,,,,,
19/07/05,19/07/10,16,,F5 The Swan,F5 Whirlwind,,,,,,,,,,,,
19/07/11,19/07/17,13,F5 St Anthony's Chorale,F5 St Louis Blues,,,,,,,,,,,,,
19/07/18,19/07/24,13.5,,,F5 Risuluto,,,,,,,,,,,,
19/07/25,19/07/31,14.5,F5 When the Sun Rises,F5 A Simple Gift,,,,,,,,,,,,,
19/08/01,19/08/07,14.5,F5 Bearcat Boogie,,F5 Fanfare to America,,,,,,,,,,,,
19/08/08,19/08/14,15,,F5 Pomp and Circumstance,,,,,,,,,,,,,
19/08/15,19/08/21,15,F5 Carillon Fantasia,F5 Marzuka in Gm,,,,,,,,,,,,,
19/08/22,19/08/28,14,F5 Two Guitars,F5 The Blue Danube,F5 Smoky Mountain Prelude,,,,,,,,,,melodic minor,,
19/08/29,19/09/04,16,,,,,,,,,,,,,,,
19/09/05,19/09/11,16,F5 Hot Pursuit,F5 Ballade,F5 Rhythm Fight,,,,,,,,,,,,
"Catherin Rollins Lyric Moments, Burgmuller Op 100",,,,,,,,,,,,,,,,,
19/09/12,19/09/18,16.5,CR A Special Place in My Heart,,,,,,,,,,,Ab/F,,,
19/09/19,19/09/25,15.5,,B100 Sincerity,,,,,,,,,,F#,,,
19/09/26,19/10/02,16.5,CR Sweet Memories,B100 Pastorales,,,,,,,,,,Db/Bb,"pedal, contrary motion",,
19/10/03,19/10/09,13.5,B100 The Little Party,CR Summer's Dream,,,,,,,,,,"Cm, F#",thirds,,
19/10/10,19/10/16,15,,B100 Innocence,CR Tender Moments,,,,,,,,,"Db, C#m",,,
19/10/17,19/10/23,16,B100 Progress,,CR A Song for You,,,,,,,,,Ab/F,,,
19/10/24,19/10/30,17,,B100 The Clear Stream,CR Summer's Nocturne,,,,,,,,,G/E,,,
19/10/31,19/11/06,14.5,B100 Gracefulness,,,CR Lullaby and Dreamland,,,,,,,,"A, Fm",,,
19/11/07,19/11/13,15.5,,,CR Thinking of Summer,,,,,,,,,,theory,,
19/11/14,19/11/20,0,,,,,,,,,,,,,,6 days in Tempe,
19/11/21,19/11/27,22,CR A Heart Takes Flight,B100 Tender Flower,,,,,,,,,,"D, Bm",theory,,
19/11/28,19/12/04,18,CR Daydream,B100 The Young Shepherdess,,,,,,,,,,Bb,,,
19/12/05,19/12/11,19.5,CR Simple Pleasures,B100 The Farewell,,,,,,,,,,Bbm,,,
19/12/12,19/12/18,21,CR Love Theme,,B100 Consolation,,,,,,,,,,,,
19/12/19,19/12/25,16.5,B100 Austrian Dance,CR Lament,,,,,,,,,,F#,,,
19/12/26,20/01/01,10.5,,B100 Sorrow,CR Prarie Love,,,,,,,,,,,,
2020,,,,,,,,,,,,,,,,,
"Catherin Rollins Lyric Moments, Burgmuller Op 100",,,,,,,,,,,,,,,,,
20/01/02,20/01/08,15,,,,,,,,,,,,Bb/G,,,
20/01/09,20/01/15,17.5,B100 The Chatterbox,CR A Lovely Mood,,,,,,,,,,D/B,,,
20/01/16,20/01/22,20.5,B100 Inquietude,CR First Loss,CR Sweet Elegy,,,,,,,,,"Ab/F, G/E",,,
20/01/23,20/01/29,16,,B100 Ave Maria,CR Lyric Nocturne,,,,,,,,,,,,
20/01/30,20/02/05,19.5,B100 Tarantella,,,,,,,,,,,,,,
20/02/06,20/02/12,16.5,,B100 Harmony of the Angels,CR Tenderly,,,,,,,,,"Ab/F, Db/Bb",theory,,
20/02/13,20/02/19,12.5,B100 Barcarolle,CR Pure Heart,,,,,,,,,,Db/Bb,,,
20/02/20,20/02/26,19,,,CR Summer Splendor,,,,,,,,,A/F#,arpeggios,,
20/02/27,20/03/05,17.5,B100 The Return,B100 The Swallow,,,,,,,,,,"Eb/C, G/E",arpeggios,,
20/03/06,20/03/12,17,B100 Knight Errant,CR Remembrance,,,,,,,,,,G/E,arpeggios,Last lesson with Calvin,
"Chopin Introduction to His Works, The Sonatina Album",,,,,,,,,,,,,,,,,
20/03/13,20/03/19,13.5,C Waltz in A Minor,SA Sonatina in G 1st,,,,,,,,,,A/F#,,Start of COVID shelter in place,
20/03/20,20/03/26,14,,,,,,,,,,,,,arpeggios,,
20/03/27,20/04/02,8,,,,,,,,,,,,"A/F#,E/C#",,No motivation to practice,
20/04/03,20/04/09,5,,,,,,,,,,,,,arpeggios,,
20/04/10,20/04/16,10.5,,,,,,,,,,,,,arpeggios,,
20/04/17,20/04/23,13.5,SA Op 36 No.1 1st,SA Sonatina in G 2nd,,,,,,,,,,,,,
20/04/24,20/04/30,15.5,,,C Albumleaf,,,,,,,,,,arpeggios,,
20/05/01,20/05/07,14,SA Op 36 No.1 2nd,SA Op 36 No.1 3rd,,,,,,,,,,,,,
20/05/08,20/05/14,15,,,,,,,,,,,,,,,
20/05/15,20/05/21,11.5,C Mazurka in C,,,,,,,,,,,"A/F#, E/C#",,,
20/05/22,20/05/28,18.5,,SA Op 36 No.2 1st,,,,,,,,,,"Eb/C, Ab/F",,,
20/05/29,20/06/04,9.5,,,,SA Op 36 No.2 2nd,1.5,2,2,0.5,1,0.5,2,Db/Bb,,,
Keith Snell Piano Repetoire Level 4,,,,,,,,,,,,,,,,,
20/06/05,20/06/11,15.5,,KS4R First Sorrow,KS4R Ivan Sings,,0.5,0.5,4,3.5,3.5,1.5,2,,,,
20/06/12,20/06/18,13,,KS4R The Sick Doll,KS4R The Doll's Funeral,,2.5,0,1.5,1,2.5,2.5,3,,,,
20/06/19,20/06/25,16.5,,KS4R Elfin Dance,KS4R Love Song,,3,1.5,4,2.5,1.5,2.5,1.5,,,,
20/06/26,20/07/02,11,,,,KS4R Toccatina,2.5,1.5,1.5,1.5,1.5,2,0.5,"Fm, Em",,,
20/07/03,20/07/09,13.5,KS4E Novelette Romantique,,KS4R A Sad Story,,1,3,1.5,2,2,2,2,,,,
20/07/10,20/07/16,12.5,,,,,2.5,1.5,3,0.5,2,2,1,,,,
20/07/17,20/07/23,13.5,KS4E Dedication,,KS4R Spindler Sonatina 1st,,2,2,2,1,2.5,2,2,,,,
20/07/24,20/07/30,14.5,KS4B BWV939,,,KS4R Spindler Sonatina 2nd,1,1.5,2.5,2,2.5,2.5,2.5,,,,
20/07/31,20/08/06,15,KS4B BWV Anh 121,,,,2,3,2.5,2,2,2,1.5,,,,
20/08/07,20/08/13,12,KS4B Scarlatti L423/K32,,,,1,1.5,2.5,2,2,2,1,,,,
20/08/14,20/08/20,12,,KS5E The Orphan,,,2,2,2,1,2,1.5,1.5,,,,
20/08/21,20/08/27,15,,KS5E Avalanche,KS4B BWV Anh 124,,2,2.5,2,2.5,2,2,2,,,,
20/08/28,20/09/03,14.5,,,,,1,3,2,2,2,2.5,2,,,,
20/09/04,20/09/10,11,,,,KS4B BWV Anh 125,2,3.5,1.5,1,2,0.5,0.5,,,,
20/09/11,20/09/17,9,,,,,0.5,1,1.5,0.5,2.5,1,2,,,,
20/09/18,20/09/24,15.5,,KS5R Italian Song,,,2,3.5,2,1.5,2.5,1.5,2.5,,,,
20/09/25,20/10/01,10,,,KS4B Allegro Hob XVI:8,,1.5,3.5,1,1,1,1,1,,,,
20/10/02,20/10/08,11,KS4R Schubert Waltz op18 no6,,,,0,2.5,1.5,2.5,1.5,2,1,,,,
20/10/09,20/10/15,11.5,,,,,1.5,3,1.5,2,2,1.5,-,,,,
20/10/16,20/10/22,0,,,,,-,-,-,-,-,-,-,,,"30 day in Shanghai (quarentine), Beijing, Yingtan",
20/10/23,20/10/29,0,,,,,-,-,-,-,-,-,-,,,in china,
20/10/30,20/11/05,5,,,,,-,-,-,1,2,1,1,,,in china,
20/11/06,20/11/12,0,,,,,-,-,-,-,-,-,-,,,in china,
20/11/13,20/11/19,16.5,,,,C Nocturne in C Minor,1,3,4,2,2.5,3,1,,,,
20/11/20,20/11/26,17,,,,,3,2,4,2,2,2.5,1.5,,,,
20/11/27,20/12/03,17.5,,,KS4B Allegro CPE Bach,,3,2,3,2,2.5,2.5,2.5,,,,
20/12/04,20/12/10,14.5,,KS5R A Short Story,,,2,2,3,2,0.5,2,3,,,,
20/12/11,20/12/17,17,KS5R Novelette,,,,2,3.5,3.5,2,2.5,2,1.5,,,,
20/12/18,20/12/24,17.5,,849 No.1,,,3,3,3,2.5,1.5,2,2.5,,,,
20/12/25,20/12/31,13,,,,,2.5,2,2.5,1.5,1.5,1,2,,,,
2021,,,,,,,,,,,,,,,,,
21/01/01,21/01/07,16.5,,,849 No. 2,,1.5,3.5,3,2.5,2.5,1,2.5,Bb/g,,,
21/01/08,21/01/14,16,Menotti Lullaby,,,,3,3,2.5,3,2,0.5,2,Bb/g,,,
21/01/15,21/01/21,13.5,KS5B BWV 927,,,,2,2,0.5,2.5,2,2.5,2,Bb/g,,,
21/01/22,21/01/28,14.5,,KS5R Schubert D.783 No.7,,,2,2,2.5,1.5,2.5,1.5,2.5,,,,
21/01/29,21/02/04,17,,,,,2.5,3,2,3,2.5,2,2,Db/Bb,,,
21/02/05,21/02/11,7,,Prokofiev Regrets Op65 No5,,,2,1,0,0.5,0,1.5,2,,,,
21/02/12,21/02/18,15,,,,,2,2.5,1.5,3,2,2,2,,,,
21/02/19,21/02/25,13.5,,,,Prokofiev Little Story Op 64 No 3,1,2,2,2,2.5,2,2,,,Bought Yamaha Nu1,
21/02/26,21/03/04,15,,Prokofiev Morning Op65 No1,,,2,3,2,2,2,2,2,,,,
21/03/05,21/03/11,16.5,Schumann Op68 No19,,Khachaturan Ivan can't go out today,,2.5,3,2,2,2.5,2,2.5,,,,
21/03/12,21/03/18,14,,Prokofiev Evening Op65 No11,,,1,1.5,2,2.5,2,2.5,2.5,,,,
21/03/19,21/03/25,15,,,,Mussorgsky Une Larme,2,3.5,1.5,2.5,1.5,2,2,,,,
21/03/26,21/04/01,13.5,,,,,1.5,3.5,1,2,2,2,1.5,,,,
21/04/02,21/04/08,11,Bloch Rainy Days,,,,2,3,1,1.5,1,1,1.5,,,,
21/04/09,21/04/15,12.5,,Prokofiev Waltz Op65 No6,,,2,2,1,1.5,1,2,3,,,,
21/04/16,21/04/22,6.5,,,,,0.5,2,2,2,0,0,0,,,,
21/04/23,21/04/29,15,,,Alkan Barcarolle Op65 No6,,3,3,0,3,1.5,2.5,2,,,,
21/04/30,21/05/06,11,,,,,-,-,-,2,2.5,3,3.5,,,4 days in Vegas clean up dad stuff,
21/05/07,21/05/13,21,,,,,3.5,3,3,3.5,2.5,3,2.5,E/c#,,,
21/05/14,21/05/20,12.5,BWV 813 Minuet I,,,,3,1.5,1.5,2.5,0,2.5,1.5,E/c#,,,
21/05/21,21/05/27,15.5,,,,,3,2.5,1,2,2.5,2.5,2,E/c#,,,
21/05/28,21/06/03,16.5,,MacDowell To a Wild Rose,,,2.5,1.5,2,3,2.5,2,3,Db/Bb,,,
21/06/04,21/06/10,18.5,,,Granados Op1 No9 La Huerfana,,3,2.5,2,2.5,3,3,2.5,Db/Bb,,,
21/06/11,21/06/17,16.5,,Dvorak B156/2 Grandpa Dances w Grandma,,,2.5,2,3,2,2,3,2,Gb/eb,,,
21/06/18,21/06/24,21,,,,Mendelssohn Venetian Boat Song Op.30 No.6,3,5,2,3,3,2,3,Gb/eb,,,
21/06/25,21/07/01,18,,,Bloch Lullaby,,2.5,3.5,2,2.5,2.5,2.5,2.5,Gb/eb,,,
21/07/02,21/07/08,18,BWV772 Invention No 1,,,,2.5,3,2,2.5,2.5,2.5,3,B/g#,,first joint of right 2nd finger ache,
21/07/09,21/07/15,15.5,,,,,3.5,3,2,2,1.5,2,1.5,,,first joint of right 2nd finger ache,
21/07/16,21/07/22,16,,Liszt La Cloche Sonne,,,2,1.5,2.5,2,3,3,2,B/g#,,bought baby grand,
21/07/23,21/07/29,17,,,Brahms Waltz Op39 No.3,,2.5,2.5,2.5,3,2.5,1,3,,,,
21/07/30,21/08/05,14,,,,,2,2.5,0,2,2,2.5,3,,,,
21/08/06,21/08/12,20,BWV934 Prelude in Cm,Schubert D.783 No.14,,,2.5,3.5,2,2.5,3,3.5,3,,,,
21/08/13,21/08/19,21,,,,,3,5,2.5,2.5,3,2.5,2.5,,,,
21/08/20,21/08/26,17.5,,,,,2,3,3.5,2.5,3,2,1.5,,,,
21/08/27,21/09/02,17,,Schumann Op15 No1,,,3,2,1,3,3,3,2,,,,
21/09/03,21/09/09,14,,,,,2,2,2.5,3.5,2,1,1,,,Start with video exchange teacher Ivan,
21/09/10,21/09/16,20,,,,,4,3,2,3,3,3,2,,,,
21/09/17,21/09/23,15,,,,Glinka Mazurka C Major,2.5,2,2,2.5,1,2.5,2.5,,,,
21/09/24,21/09/30,18,BWV942 Prelude in Am,,,,2.5,2,3.5,2.5,2.5,2.5,2.5,,,,
21/10/01,21/10/07,19.5,,Beethoven WoO 54,,,2.5,3.5,1.5,3,3,3,3,,,,
21/10/08,21/10/14,20.5,,,,,3,3,4,3,3,2.5,2,,,,
21/10/15,21/10/21,15,,,Shostakovich Sentimental Waltz,,3,4,2,3,3,-,-,,,,
21/10/22,21/10/28,9.5,,,,,-,-,-,-,2.5,3.5,3.5,,,6 days in Waco,
21/10/29,21/11/04,19,,,,Franck Doll's Complaint,3,2,2,2.5,3.5,3,3,,,,
21/11/05,21/11/11,18,,,,,3,3,2.5,3,2.5,1,3,,,,
21/11/12,21/11/18,18,,,,,2.5,1,3,3,3.5,2.5,2.5,,,,
21/11/19,21/11/25,14.5,,,Chopin Waltz in B Minor,,1.5,2,1.5,3,4,2.5,,,,,
21/11/26,21/12/02,14,,,,,-,-,2.5,2,3,3.5,3,,,4 days in Portland,
21/12/03,21/12/09,20.5,,,,,3,3,3,3,3,3,2.5,,,,
21/12/10,21/12/16,14.5,,,,,2,1,3,2,2.5,2,2,,,,
21/12/17,21/12/23,16,,,,,2,1.5,1.5,3,3,3,2,,,,
21/12/24,21/12/30,12.5,,Tchaikovsky Old French Song,,,-,-,2.5,3.5,2.5,2.5,1.5,,,2 days in Monterrey,
2022,,,,,,,,,,,,,,,,,
21/12/31,22/01/06,13,Tchaikovsky In Church,,,Prokofiev The Moon Strolls in the Meadows,2,1.5,0.5,2.5,1.5,2,3,,,,
22/01/07,22/01/13,16.5,,,,,2.5,1,1,3,3,3,3,,,,
22/01/14,22/01/20,18,,Tchaikovsky Morning Prayer,,,2,2,2.5,2.5,3,3,3,,,,
22/01/21,22/01/27,18,,,,,3,2,3.5,2.5,2,2.5,2.5,,,,
22/01/28,22/02/03,18,Tchaikovsky Winter Morning,,Bach BWV999 Prelude in Cm,,2,4,1.5,2.5,2.5,2.5,3,,,,
22/02/04,22/02/10,19,,,,,2.5,2,3.5,2.5,2.5,3,3,,,,
22/02/11,22/02/17,17.5,,,,,3,2.5,1,2.5,3,3,2.5,,,,
22/02/18,22/02/24,18,,Richter In Memoriam,,,4,1.5,4,2,2.5,1.5,2.5,,,,
22/02/25,22/03/03,15,,,,,2.5,2.5,1.5,2.5,2.5,2,1.5,,,,
22/03/04,22/03/10,18,Grieg Arietta,,,,2,3,1.5,2.5,4,2.5,2.5,,,,
22/03/11,22/03/17,17.5,,,,,2.5,2.5,2,2.5,2.5,3,2.5,,,,
22/03/18,22/03/24,20,,Ginastera Milonga,,,2.5,4,3,3,2.5,3,2,,,,
22/03/25,22/03/31,17,,,,,2,3,3,3,2.5,1.5,2,,,,
22/04/01,22/04/07,16.5,,,,,3,3.5,1.5,1.5,3,2,2,,,,
22/04/08,22/04/14,14,Bach BWV 929,,,,2.5,1,1.5,3.5,2,2,1.5,,,,
22/04/15,22/04/21,7.5,,,,,0.5,2,0,0,2,3,0,,,,
22/04/22,22/04/28,14,,,Schubert	Valse Sentimentale,,1,1,3.5,2.5,2.5,1.5,2,,,,
22/04/29,22/05/05,17,,,,Schumann Waltz in Am,2.5,1.5,2,3,3.5,3,1.5,,,,
22/05/06,22/05/12,17,,,,,3,2,2,2.5,3,2,2.5,,,,
22/05/13,22/05/19,16.5,,,Gillock Autumn Sketch,,2.5,3,3,2.5,2,2,1.5,,,,
22/05/20,22/05/26,16,Donizetti Larghetto in Am,,,,1.5,2.5,2,2,3,2,3,,,,
22/05/27,22/06/02,17.5,,,,,2,2.5,3,3,2,2.5,2.5,,,,
22/06/03,22/06/09,18,,,Granados Epilogue,,2,2,3.5,2.5,2.5,2.5,3,,,,
22/06/10,22/06/16,17,,,,,3.5,2.5,2.5,2,2.5,2,2,,,,
22/06/17,22/06/23,16,,,,Schumann Hunting Song,2,2,3,2,2,2.5,2.5,,,,
22/06/24,22/06/30,14.5,,,,,2.5,2,1,2.5,2,2,2.5,,,,
22/07/01,22/07/07,3,,,,,3,-,-,-,-,-,-,,,10 days in Hawaii,
22/07/08,22/07/14,7.5,,,,,-,-,-,2.5,2,2.5,0.5,,,,
22/07/15,22/07/21,20.5,Bloch Dreams,Mendelssohn Op.19 No.6,,,2.5,3.5,3.5,3,2,3,3,,,,
22/07/22,22/07/28,15.5,,,,,2,3,2.5,1.5,3,2,1.5,,,,
22/07/29,22/08/04,16,Bach BWV 941,,,,1.5,3,2,2,3,2,2.5,,,,
22/08/05,22/08/11,16.5,,,,,3,2,2.5,3,2,2,2,,,,
22/08/12,22/08/18,19.5,,,Schubert D.783 No.10,,2.5,2,3,3,3.5,3,2.5,,,,
22/08/19,22/08/25,21,,,,,3.5,4,2,3,3.5,3,2,,,,
22/08/26,22/09/01,12,,,,,1.5,0.5,2,0.5,2.5,2.5,2.5,,,Started lesson with new teacher Anna,
22/09/02,22/09/08,15.5,,,,Chopin Prelude in E Minor,2,1.5,2.5,2,3,2.5,2,,,,
22/09/09,22/09/15,17.5,,,,,3,3.5,3,2,2,2.5,1.5,,,,
22/09/16,22/09/22,17.5,,,,,4,2.5,2,1.5,2.5,2,3,,,,
22/09/23,22/09/29,6.5,,,Chopin Wisona,,3,2,1.5,-,-,-,-,,,6 days in Boulder,
22/09/30,22/10/06,13,,,,,1,2,2.5,1,2,2.5,2,,,,
22/10/07,22/10/13,15.5,Bach BWV 935,,Maykapar Prelude No.3,Maykapar Prelude No.17,1,2,1.5,2,3,3,3,,,,
22/10/14,22/10/20,7.5,,,,,-,1,1,1.5,1,1.5,1.5,,,"7 days in Quito, practiced on digital",
22/10/21,22/10/27,13,,,,,2,-,1,3,3,2,2,,,,
22/10/28,22/11/03,17.5,,,Maykapar Prelude No.19 ,Maykapar Prelude No.7,2,3,4,2,3.5,1,2,,,,
22/11/04,22/11/10,11.5,,Granados Valse Poetico No. 6,,,1,2,3,0.5,1,2,2,,,,
22/11/11,22/11/17,19,,,,,2,2,3,3,2.5,3,3.5,,,,
22/11/18,22/11/24,14.5,Sibelius Valsette,,Granados Valse Poetico No 3,,3.5,2.5,2,2,2,2.5,,,,,
22/11/25,22/12/01,10,,,,,1,2,1,1,1,2,2,,,"8 days in Barbados, practiced on airbnb Hoffman",
22/12/02,22/12/08,13,Brahams Op.39 No.3,Maykapar Prelude No. 2,,,0.5,0.5,2,2,3,2.5,2.5,,,,
22/12/09,22/12/15,17,,,Sakamoto Merry Christmas,,3,2,2,2.5,2,2.5,3,,,Frances Terry Exercise,
22/12/16,22/12/22,15.5,,,,,3.5,2,2,1.5,2.5,2,2,,,,
22/12/23,22/12/29,15.5,,,,Smetana Chanson,1,1,2,2.5,2.5,3.5,3,,,Memorization,
2023,,,,,,,,,,,,,,,,,
22/12/30,23/01/05,16.5,,,,,2,2,2.5,2.5,3,2.5,2,,,,
23/01/06,23/01/12,14.5,,,,,2,2.5,2,2,2,2,2,,,,
23/01/13,23/01/19,19,Beethoven Moonlight 1,,,,3,3.5,2,2.5,2,3,3,,,,
23/01/20,23/01/26,16,,Chopin Prelude in A Major,,,2.5,0.5,2,2,2,3,4,,,,
23/01/27,23/02/02,17.5,,,,,2,3,2,2,3.5,2.5,2.5,,,,
23/02/03,23/02/09,17.5,,,Chopin Prelude in B Minor,,1.5,2.5,2,2.5,3,3.5,2.5,,,,
23/02/10,23/02/16,17.5,,,,,3,2,2,3,3.5,2,2,,,,
23/02/17,23/02/23,13,,,,,0,2,2,2,3,0,4,,,,
23/02/24,23/03/02,13.5,,Smetana Love,,,1,0,3,1.5,2.5,3,2.5,,,,
23/03/03,23/03/09,14,,,,,2.5,3,3.5,2,2.5,0.5,-,,,,
23/03/10,23/03/16,0,,,,,-,-,-,-,-,-,-,,,10 days in Cuenca,
23/03/17,23/03/23,5,,,,,-,-,-,2,0.5,2.5,0,,,,
23/03/24,23/03/30,16.5,Bloch Melody,,,,0,4,2,2,3.5,1.5,3.5,,,,
23/03/31,23/04/06,22.5,Chopin Op.72 No.1,,,,3.5,4,4,3,2,3,3,,,,
23/04/07,23/04/13,19,,,,Schumann Mignon,3,3,2,3,3,2,3,,,,
23/04/14,23/04/20,17.5,,,Schumann Op.68 No.26,,3,3,2,1.5,3,2.5,2.5,,,,
23/04/21,23/04/27,23.5,,,,,3,5,4,3,3,2.5,3,,,Got new Estonia piano,
23/04/28,23/05/04,15.5,,,,,2.5,3,2.5,1.5,2,2,2,,,Changed lesson to online with Anna,
23/05/05,23/05/11,12.5,,,,,2,2,0.5,2,2.5,2.5,1,,,,
23/05/12,23/05/18,17,,Chopin Op.67 No.4,,,2,2.5,2.5,3,2.5,2,2.5,,,,
23/05/19,23/05/25,16.5,,,,,2,3,3,2,2,3.5,1,,,,
23/05/26,23/06/01,16,,,,Schumann Op.68 No.28,2,2,2,3,2.5,2,2.5,,,,
23/06/02,23/06/08,16,,,,,2.5,2.5,2,2.5,2,2,2.5,,,,
23/06/09,23/06/15,15,,,,,1.5,1,2.5,2.5,2.5,2.5,2.5,,,,
23/06/16,23/06/22,17.5,,Chopin Op.68 No.3,,,2.5,2.5,2,2.5,2,3,3,,,,
23/06/23,23/06/29,16.5,,,,,3,2,2.5,3,3,1,2,,,,
23/06/30,23/07/06,15,,,,,2,2,2,3.5,1,2.5,2,,,,
23/07/07,23/07/13,16,,,Chopin Op.37 No.1,,2,3,2.5,2,2,1.5,3,,,,
23/07/14,23/07/20,14,,,,,2,2,1.5,1.5,2,2,3,,,,
23/07/21,23/07/27,17.5,,,,,2,3,2.5,2,2,3,3,,,,
23/07/28,23/08/03,15,,,,,2.5,2,0.5,2.5,2,3,2.5,,,,
23/08/04,23/08/10,11.5,,,,,2.5,2.5,2.5,3,-,-,1,,,26 day Beijing - London,
23/08/11,23/08/17,6,Yepes Romance Amor,,,,1,1,-,1,1,1,1,,,,
23/08/18,23/08/24,3,,,,,-,1,1,1,-,-,-,,,,
23/08/25,23/08/31,0,,,,,-,-,-,-,-,-,-,,,,
23/09/01,23/09/07,10.5,Glinka Mazurka in Cm,,,,-,-,1,3,2,2,2.5,,C/Cm arppegios,,
23/09/08,23/09/14,9.5,,,,,2.5,0.5,1.5,1,1,2,1,,,,
23/09/15,23/09/21,22,,Ibert Serenade Leau,,Prisovsky Dream of the Warrior,4,3,3,3,3,3,3,,G/Gm E/Em arp,,
23/09/22,23/09/28,14,,,,,2,1.5,0,2.5,3,3,2,,,,
23/09/29,23/10/05,17,,,Massenet Op.10 No.5,,2.5,1.5,2.5,3.5,2,3,2,,D/Em B/Bm arp,Start with Juliard teacher Wang,
23/10/06,23/10/12,15.5,Bach BWV 808 Gavotte I,Halvorsen Passacaglia,,,3,0.5,2,2.5,2,2.5,3,,C/Am scale,,
23/10/13,23/10/19,18,,,,,3,2.5,2,3,2,3,2.5,,,,
23/10/20,23/10/26,19,,,Grieg Op.12 No.5,,3,1.5,3,3,3,2.5,3,,,,
23/10/27,23/11/02,12.5,,Gliere Arietta,,Bach BWV 808 Gavotte II,3,2,0.5,2,0,2,3,,,,
23/11/03,23/11/09,17,,,,,2.5,0.5,3,3,3,3,2,,,,
23/11/10,23/11/16,12.5,,,,,3,2,0.5,3,1,2.5,0.5,,,,
23/11/17,23/11/23,7.5,,,Schubert D.915,,0.5,2,1,1,0.5,1,1.5,,,,
23/11/24,23/11/30,13,,,,,2,2,1.5,1,3,1.5,2,,,,
23/12/01,23/12/07,13,,,,,2,2,1.5,1.5,2,2,2,,,,
23/12/08,23/12/14,6,,,,,1.5,0,2,2.5,-,-,-,,,17 days Portugal - Spain,
23/12/15,23/12/21,0,,,,,-,-,-,-,-,-,-,,,,
23/12/22,23/12/28,0,,,,,-,-,-,-,-,-,-,,,,
2024,,,,,,,,,,,,,,,,,
23/12/29,24/01/04,5.5,,,,,-,-,0.5,0,2,2,1,,,,
24/01/05,24/01/11,11.5,,Guastavino Santa Fe Para Llorar,Chopin Mazurka in G Minor,,2,2,2,2,0.5,2.5,0.5,,,,
24/01/12,24/01/18,10,,,,,1,2,0.5,0,2,2,2.5,,,,
24/01/19,24/01/25,15,,,,,1,2,2.5,3,0,3.5,3,,C/Am scale,,
24/01/26,24/02/01,16,,,,,2.5,2,0.5,4,3,2.5,1.5,,G/Em scale,,
24/02/02,24/02/08,22,Bach BWV 775 Invention in D Minor,,,Granados Spanish dance No 2 Oriental,0.5,5,4,3,3,3.5,3,,D/Bm scale,,
24/02/09,24/02/15,18,,,,,3,5,1,2,2,2.5,2.5,,,,
24/02/16,24/02/22,18.5,,,,,2,2.5,2,4,2,2.5,3.5,,,,
24/02/23,24/02/29,17.5,,,Chopin Prelude in C Minor,,2.5,3,3,2.5,1.5,3,2,,Sight reading,,
24/03/01,24/03/07,22,,,,,3,2.5,3.5,3,4,3,3,,Sight reading,,
24/03/08,24/03/14,17.5,,,,,4,1.5,2,3.5,2,3.5,1,,Sight reading,,
24/03/15,24/03/21,16.5,,Scarlatti Sonata in G Minor Kk. deest,,,2.5,3,3.5,3.5,1.5,2.5,0,,Sight reading,,
24/03/22,24/03/28,16.5,,,Mendelssohn Op.19 No.2,,2.5,2,2,2,2.5,3.5,2,,Sight reading,,
24/03/29,24/04/04,20,,Liszt Wisona S.480 No.2,,,3,2.5,1.5,3.5,3.5,3,3,,"Start with new teacher Pan, Hanon 1-20",,
24/04/05,24/04/11,12,,,,,3,0.5,0.5,2.5,2,3,0.5,,white key start scales,,
24/04/12,24/04/18,13.5,,,,,3,1,2,4,0,3,0.5,,white key start scales,,
24/04/19,24/04/25,8,,,,,2,0.5,2.5,2.5,0.5,-,-,,,,
24/04/26,24/05/02,0,,,,,-,-,-,-,-,-,-,,,,
24/05/03,24/05/09,0,,,,,-,-,-,-,-,-,-,,,,
24/05/10,24/05/16,0,,,,,-,-,-,-,-,-,-,,,27 days in Italy,
24/05/17,24/05/23,5.5,,,,,-,-,-,-,1.5,2,2,,,,
24/05/24,24/05/30,16.5,,,,,2,2,2.5,1,3,3,3,,,,
24/05/31,24/06/06,12,,,,,3.5,0.5,1,2.5,2,1,1.5,,,,
24/06/07,24/06/13,12,,,,,1.5,1.5,2,2,1.5,1.5,2,,,,
24/06/14,24/06/20,14.5,,,,,1.5,2,2,2,2.5,3,1.5,,,,
24/06/21,24/06/27,21,Bach BWV 777 Invention in E Major,,,,2,4,2,4,4,4,1,,,,
24/06/28,24/07/04,16,,,,,4,2,4,2,4,-,-,,,,
24/07/05,24/07/11,7,,,,,1,1,1,1,1,1,1,,,7 days in Beijing,
24/07/12,24/07/18,0,,,,,-,-,-,-,-,-,-,,,22 days in Netherland to France,
24/07/19,24/07/25,0,,,,,-,-,-,-,-,-,-,,,,
24/07/26,24/08/01,0,,,,,-,-,-,-,-,-,-,,,,
24/08/02,24/08/08,15,,Liszt Romance S.169,,,-,3,2.5,2.5,2,3,2,,white key start scales,,
24/08/09,24/08/15,17,,,,,2.5,3,2.5,2,2.5,3,1.5,,white key start scales,,
24/08/16,24/08/22,16,,,,,2.5,2,2,2,2.5,2,3,,white key start scales,,
24/08/23,24/08/29,18,,,,,3,3.5,2.5,2.5,3,2.5,1,,white key start scales,,
24/08/30,24/09/05,19,,,,,2,1,5,4,3,3,1,,white key start scales,,
24/09/06,24/09/12,14.5,,,,,0.5,4.5,2.5,2.5,1,2,1.5,,white key start scales,,
24/09/13,24/09/19,19,,,,Schubert D.783 No.15,3.5,2,4.5,2.5,3,2,1.5,,white key start scales,,
24/09/20,24/09/26,20.5,,,,,3.5,4,3.5,2,2.5,2.5,2.5,,white key start scales,,
24/09/27,24/10/03,22,Bach BWV 937 Little Prelude in E Major,,,,4,3.5,2,3.5,3,3,3,,black key start scales,,
24/10/04,24/10/10,15,,,Bach BWV 938 Little Prelude in E minor,Schubert D.783 No.7,3,2.5,2.5,2.5,1.5,2,1,,black key start scales,,
24/10/11,24/10/17,16,,,,,3,2.5,1.5,2,2.5,2,2.5,,black key start scales,,
24/10/18,24/10/24,17.5,,,,Franck Danse Lente,3,2.5,2.5,2.5,2.5,3,1.5,,black key start scales,,
24/10/25,24/10/31,18,,,,,3,2,3,2.5,3,2.5,2,,black key start scales,,
24/11/01,24/11/07,19.5,,,,,4,3,1,3,3,3,2.5,,black key start scales,,
24/11/08,24/11/14,20.5,,,,,3,2,3,3,3.5,3,3,,black key start scales,,
24/11/15,24/11/21,15,,,,,3,2,2.5,2,2,2,1.5,,black key start scales,,
24/11/22,24/11/28,7,"Haydn Sonata in G Major, Hob. XVI:8",,,,2,2,0,0,0,1.5,1.5,,black key start scales,,
24/11/29,24/12/05,14.5,,,,,2.5,2.5,1.5,2,2,2,2,,black key start scales,,
24/12/06,24/12/12,15.5,,Sibelius Impromptu Op.5 No.6,,,2,3,2.5,2,2,2,2,,black key start scales,,
24/12/13,24/12/19,11.5,,,,,2,２,3.5,0,2,2,2,,black key start scales,,
24/12/20,24/12/26,0,,,,,-,-,-,-,-,-,-,,,14 days in Ecuador and Colombia,
24/12/27,25/01/02,0,,,,,-,-,-,-,-,-,-,,,,
2025,,,,,,,,,,,,,,,,,
25/01/03,25/01/09,4,,,Bach BWV 786 Invention No.15,,-,-,-,-,-,2,2,,,5 days in Colombia,
25/01/10,25/01/16,14,,,,,2,2,2,2,2,2,2,,black key start scales,,
25/01/17,25/01/23,16,,,,Rimsky-Korsakov Little Song,2,2,3.5,2,2,2.5,2,,black key start scales,,
25/01/24,25/01/30,16,,,,Glinka Nocturne in F Minor,3,2.5,2.5,2,1.5,2,2.5,,"black key start scales, Hanon 20 -",,
25/01/31,25/02/06,18.5,,,,,3,4.5,3,2,2,2,2,,"black key start scales, Hanon 20 -",,
25/02/07,25/02/13,11.5,,,,,２,2,2,2,2.5,1,2,,"black key start scales, Hanon 20 -",,
25/02/14,25/02/20,12,,,,,3.5,2.5,2,2,2,-,-,,"black key start scales, Hanon 20 -",,
25/02/21,25/02/27,2,,,,,-,-,-,-,-,-,2,,,8 days in China,
25/02/28,25/03/06,17,,Bach BWV 784 Invention No.13,,,1.5,4,2.5,3,3,1.5,1.5,,"black key start scales, Hanon 20 -",,
25/03/07,25/03/13,19,,,,,3.5,3,3,2.5,2,3,2,,"black key start scales, Hanon 20 -",,
25/03/14,25/03/20,16.5,,,,,1.5,1.5,2.5,2,3,3,3,,"black key start scales, Hanon 20 -",,
25/03/21,25/03/27,17.5,,,,,2.5,2,3.5,3,2.5,2.5,1.5,,"black key start scales, Hanon 20 -",,
25/03/28,25/04/03,14.5,,,,,1,3,2,2,2,2,2.5,,"black key start scales, Hanon 20 -",,
25/04/04,25/04/10,10,,,Bach BWV 788 Invention No.7,,1,2.5,2.5,1,1,0,2,,"black key start scales, Hanon 20 -",,
25/04/11,25/04/17,14.5,,,,,2,2.5,2,2,2,2,2,,"black key start scales, Hanon 20 -",,
25/04/18,25/04/24,15,,,,,2.5,2.5,2,2,2,2,2,,"black key start scales, Hanon 20 -",,
25/04/25,25/05/01,11,,,,,2,1,0,2,2,2,2,,"black key start scales, Hanon 20 -",,
25/05/02,25/05/08,13,,,,,2,1,2,2,2,2,2,,"black key start scales, Hanon 20 -",,
25/05/09,25/05/15,14.5,,,,,2,3,1.5,2,2,2,2,,"black key start scales, Hanon 20 -",,
25/05/16,25/05/22,6.5,,,,,1.5,0.5,0,0,0,2.5,2,,"black key start scales, Hanon 20 -",,
25/05/23,25/05/29,11.5,,,,,1.5,3,2,2,3,,,,"black key start scales, Hanon 20 -",,
25/05/30,25/06/05,0,,,,,,,,,,,,,"black key start scales, Hanon 20 -",,
25/06/06,25/06/12,0,,,,,,,,,,,,,,,
25/06/13,25/06/19,0,,,,,,,,,,,,,,,
25/06/20,25/06/26,0,,,,,,,,,,,,,,,
25/06/27,25/07/03,0,,,,,,,,,,,,,,,